Disease,Readcode,Medcode,ReadcodeDescr,Category
Parkinson's disease,147F.00,101090.0,History of Parkinson's disease,History of Parkinson's disease
Parkinson's disease,Eu02300,9509.0,[X]Dementia in Parkinson's disease,History of Parkinson's disease
Parkinson's disease,F11x900,96860.0,Cerebral degeneration in Parkinson's disease,History of Parkinson's disease
Parkinson's disease,F120.00,1691.0,Paralysis agitans,Diagnosis of Parkinson's disease
Parkinson's disease,F12..00,4321.0,Parkinson's disease,Diagnosis of Parkinson's disease
Parkinson's disease,F12z.00,14912.0,Parkinson's disease NOS,Diagnosis of Parkinson's disease
