Disease,Readcode,Medcode,ReadcodeDescr,Category
"Atrioventricular block, second degree",3295.00,40118.0,ECG: partial A-V block - 2:1,"Diagnosis of Atrioventricular block, second degree"
"Atrioventricular block, second degree",3296.00,93216.0,ECG: partial A-V block - 3:1,"Diagnosis of Atrioventricular block, second degree"
"Atrioventricular block, second degree",3297.00,19060.0,ECG: Wenckebach phenomenon,"Diagnosis of Atrioventricular block, second degree"
"Atrioventricular block, second degree",3297.11,102330.0,Electrocardiogram: Mobitz type 1 second degree AV block,"Diagnosis of Atrioventricular block, second degree"
"Atrioventricular block, second degree",329H.00,102553.0,Electrocardiogram: Mobitz type 2 second degree AV block,"Diagnosis of Atrioventricular block, second degree"
"Atrioventricular block, second degree",G561200,10922.0,Mobitz type II atrioventricular block,"Diagnosis of Atrioventricular block, second degree"
"Atrioventricular block, second degree",G561300,27928.0,Mobitz type I (Wenckebach) atrioventricular block,"Diagnosis of Atrioventricular block, second degree"
"Atrioventricular block, second degree",G561311,103752.0,Mobitz type 1 second degree atrioventricular block,"Diagnosis of Atrioventricular block, second degree"
"Atrioventricular block, second degree",G561400,36629.0,Second degree atrioventricular block,"Diagnosis of Atrioventricular block, second degree"
