Disease,Readcode,Medcode,ReadcodeDescr,Category
Supraventricular tachycardia,14AQ.00,12375.0,History of supraventricular tachycardia,History of Supraventricular tachycardia
Supraventricular tachycardia,3274.00,18357.0,ECG: paroxysmal atrial tachy.,1.0
Supraventricular tachycardia,G570000,1297.0,Paroxysmal atrial tachycardia,1.0
Supraventricular tachycardia,G570100,23647.0,Paroxysmal atrioventricular tachycardia,1.0
Supraventricular tachycardia,G570200,51845.0,Paroxysmal junctional tachycardia,1.0
Supraventricular tachycardia,G570300,29491.0,Paroxysmal nodal tachycardia,1.0
Supraventricular tachycardia,G570.00,4940.0,Paroxysmal supraventricular tachycardia,Diagnosis of Supraventricular tachycardia
Supraventricular tachycardia,G570z00,35124.0,Paroxysmal supraventricular tachycardia NOS,Diagnosis of Supraventricular tachycardia
Supraventricular tachycardia,G57y900,1536.0,Supraventricular tachycardia NOS,Diagnosis of Supraventricular tachycardia
