Disease,Readcode,Medcode,ReadcodeDescr,Category
Psoriatic arthropathy,M160000,26368.0,Psoriasis spondylitica,Diagnosis of Psoriatic arthropathy
Psoriatic arthropathy,M160100,32149.0,Distal interphalangeal psoriatic arthropathy,Diagnosis of Psoriatic arthropathy
Psoriatic arthropathy,M160200,21503.0,Arthritis mutilans,Diagnosis of Psoriatic arthropathy
Psoriatic arthropathy,M160.00,476.0,Psoriatic arthropathy,Diagnosis of Psoriatic arthropathy
Psoriatic arthropathy,M160.11,96880.0,Psoriatic arthritis,Diagnosis of Psoriatic arthropathy
Psoriatic arthropathy,M160z00,12500.0,Psoriatic arthropathy NOS,Diagnosis of Psoriatic arthropathy
Psoriatic arthropathy,Nyu1300,59107.0,[X]Other psoriatic arthropathies,Diagnosis of Psoriatic arthropathy
