Disease,Readcode,Medcode,ReadcodeDescr,Category
Giant Cell arteritis,G755000,9843.0,Cranial arteritis,Diagnosis of Giant Cell arteritis
Giant Cell arteritis,G755100,3275.0,Temporal arteritis,Diagnosis of Giant Cell arteritis
Giant Cell arteritis,G755200,49149.0,Horton's disease,Diagnosis of Giant Cell arteritis
Giant Cell arteritis,G755.00,10432.0,Giant cell arteritis,Diagnosis of Giant Cell arteritis
Giant Cell arteritis,G755z00,68403.0,Giant cell arteritis NOS,Diagnosis of Giant Cell arteritis
Giant Cell arteritis,N200.00,29472.0,Giant cell arteritis with polymyalgia rheumatica,Diagnosis of Giant Cell arteritis
Giant Cell arteritis,Nyu4100,53789.0,[X]Other giant cell arteritis,Diagnosis of Giant Cell arteritis
