Disease,Readcode,Medcode,ReadcodeDescr,Category
Irritable bowel syndrome,14CF.00,30630.0,History of irritable bowel syndrome,History of Irritable bowel syndrome
Irritable bowel syndrome,8Cm..00,104591.0,Management of irritable bowel syndrome,Diagnosis of Irritable bowel syndrome
Irritable bowel syndrome,J521000,29835.0,Irritable bowel syndrome with diarrhoea,Diagnosis of Irritable bowel syndrome
Irritable bowel syndrome,J521.00,923.0,Irritable colon - Irritable bowel syndrome,Diagnosis of Irritable bowel syndrome
Irritable bowel syndrome,J521.11,451.0,Irritable bowel syndrome,Diagnosis of Irritable bowel syndrome
Irritable bowel syndrome,J521.13,2153.0,Spastic colon,Diagnosis of Irritable bowel syndrome
