Disease,Readcode,Medcode,ReadcodeDescr,Category
Sleep apnoea,Fy03.00,7603.0,Sleep apnoea,Diagnosis of sleep apnoea
Sleep apnoea,Fy03.11,8148.0,Obstructive sleep apnoea,Diagnosis of sleep apnoea
Sleep apnoea,H5B0.00,20748.0,Obstructive sleep apnoea,Diagnosis of sleep apnoea
Sleep apnoea,H5B..00,23779.0,Sleep apnoea,Diagnosis of sleep apnoea
Sleep apnoea,R005100,48539.0,[D]Insomnia with sleep apnoea,Diagnosis of sleep apnoea
Sleep apnoea,R005300,36301.0,[D]Hypersomnia with sleep apnoea,Diagnosis of sleep apnoea
Sleep apnoea,R005311,2506.0,[D]Sleep apnoea syndrome,Diagnosis of sleep apnoea
Sleep apnoea,R005312,20438.0,[D]Syndrome sleep apnoea,Diagnosis of sleep apnoea
