Disease,Readcode,Medcode,ReadcodeDescr,Category
Right bundle branch block,3299.00,534.0,ECG: right bundle branch block,Diagnosis of Right bundle branch block
Right bundle branch block,G564.00,9906.0,Right bundle branch block,Diagnosis of Right bundle branch block
Right bundle branch block,G566200,35947.0,Right fascicular block,Diagnosis of Right bundle branch block
Right bundle branch block,G56y400,65653.0,Right fascicular block,Diagnosis of Right bundle branch block
Right bundle branch block,Gyu5W00,97821.0,[X]Other and unspecified right bundle-branch block,Diagnosis of Right bundle branch block
