Disease,Readcode,Medcode,ReadcodeDescr,Category
Anal fissure,7739300.0,1089.0,Excision of anal fissure,Procedure for Anal fissure
Anal fissure,J530000,10905.0,Acute anal fissure,Diagnosis of Anal fissure
Anal fissure,J530100,18337.0,Chronic anal fissure,Diagnosis of Anal fissure
Anal fissure,J530.00,928.0,Anal fissure,Diagnosis of Anal fissure
Anal fissure,J530.11,12665.0,Tear of anus - non-traumatic,Diagnosis of Anal fissure
Anal fissure,J53..00,1979.0,Anal fissure and fistula,Diagnosis of Anal fissure
Anal fissure,J53z.00,15210.0,Anal fissure and fistula NOS,Diagnosis of Anal fissure
Anal fissure,J544.00,62790.0,Ano-rectal fissure abscess,Diagnosis of Anal fissure
