Disease,Readcode,Medcode,ReadcodeDescr,Category
Polycythaemia vera,B671.00,37468.0,Chronic erythraemia,Diagnosis of Polycythaemia vera
Polycythaemia vera,B671.11,63653.0,Heilmeyer - Schoner disease,Diagnosis of Polycythaemia vera
Polycythaemia vera,B934.00,2481.0,Polycythaemia vera,Diagnosis of Polycythaemia vera
Polycythaemia vera,B934.11,5542.0,Polycythaemia rubra vera,Diagnosis of Polycythaemia vera
Polycythaemia vera,B934.12,36790.0,Primary polycythaemia,Diagnosis of Polycythaemia vera
Polycythaemia vera,BBs0.00,16922.0,[M]Polycythaemia vera,Diagnosis of Polycythaemia vera
Polycythaemia vera,BBs0.11,58888.0,[M]Polycythaemia rubra vera,Diagnosis of Polycythaemia vera
