Disease,Readcode,Medcode,ReadcodeDescr,Category
Benign neoplasm of brain and other parts of central nervous system,B7F0000,55419.0,"Benign neoplasm of brain, supratentorial",Diagnosis of Benign neoplasm of brain and other parts of central nervous system
Benign neoplasm of brain and other parts of central nervous system,B7F0.00,11678.0,Benign neoplasm of brain,Diagnosis of Benign neoplasm of brain and other parts of central nervous system
Benign neoplasm of brain and other parts of central nervous system,B7F0.11,31189.0,Cerebral tumour - benign,Diagnosis of Benign neoplasm of brain and other parts of central nervous system
Benign neoplasm of brain and other parts of central nervous system,B7F1000,6174.0,Acoustic neuroma,Diagnosis of Benign neoplasm of brain and other parts of central nervous system
Benign neoplasm of brain and other parts of central nervous system,B7F1.00,44776.0,Benign neoplasm of cranial nerves,Diagnosis of Benign neoplasm of brain and other parts of central nervous system
Benign neoplasm of brain and other parts of central nervous system,B7F2000,8672.0,Cerebral meningioma,Diagnosis of Benign neoplasm of brain and other parts of central nervous system
Benign neoplasm of brain and other parts of central nervous system,B7F2.00,18200.0,Benign neoplasm of cerebral meninges,Diagnosis of Benign neoplasm of brain and other parts of central nervous system
Benign neoplasm of brain and other parts of central nervous system,B7F2z00,65069.0,Benign neoplasm of cerebral meninges NOS,Diagnosis of Benign neoplasm of brain and other parts of central nervous system
Benign neoplasm of brain and other parts of central nervous system,B7F3.00,31391.0,Benign neoplasm of spinal cord,Diagnosis of Benign neoplasm of brain and other parts of central nervous system
Benign neoplasm of brain and other parts of central nervous system,B7F4000,9544.0,Spinal meningioma,Diagnosis of Benign neoplasm of brain and other parts of central nervous system
Benign neoplasm of brain and other parts of central nervous system,B7F4.00,35095.0,Benign neoplasm of spinal meninges,Diagnosis of Benign neoplasm of brain and other parts of central nervous system
Benign neoplasm of brain and other parts of central nervous system,B7F4z00,94426.0,Benign neoplasm of spinal meninges NOS,Diagnosis of Benign neoplasm of brain and other parts of central nervous system
Benign neoplasm of brain and other parts of central nervous system,B7F..00,27289.0,Benign neoplasm of brain and other parts of nervous system,Diagnosis of Benign neoplasm of brain and other parts of central nervous system
Benign neoplasm of brain and other parts of central nervous system,B7FX.00,37637.0,"Benign neoplasm of meninges, unspecified",Diagnosis of Benign neoplasm of brain and other parts of central nervous system
Benign neoplasm of brain and other parts of central nervous system,B7Fz.00,60341.0,Benign neoplasm of brain or other nervous system NOS,Diagnosis of Benign neoplasm of brain and other parts of central nervous system
Benign neoplasm of brain and other parts of central nervous system,B7H2000,20267.0,Benign neoplasm of pituitary gland,Diagnosis of Benign neoplasm of brain and other parts of central nervous system
Benign neoplasm of brain and other parts of central nervous system,B7H2100,46829.0,Benign neoplasm of Rathke's pouch,Diagnosis of Benign neoplasm of brain and other parts of central nervous system
Benign neoplasm of brain and other parts of central nervous system,B7H2200,15635.0,Benign neoplasm of sella turcica,Diagnosis of Benign neoplasm of brain and other parts of central nervous system
Benign neoplasm of brain and other parts of central nervous system,B7H2300,55379.0,Benign neoplasm of craniopharyngeal duct,Diagnosis of Benign neoplasm of brain and other parts of central nervous system
Benign neoplasm of brain and other parts of central nervous system,B7H2.00,5706.0,Benign neoplasm of pituitary gland and craniopharyngeal duct,Diagnosis of Benign neoplasm of brain and other parts of central nervous system
Benign neoplasm of brain and other parts of central nervous system,B7H2.11,2321.0,Pituitary adenoma,Diagnosis of Benign neoplasm of brain and other parts of central nervous system
Benign neoplasm of brain and other parts of central nervous system,B7H2z00,71886.0,Benign neoplasm of pituitary and craniopharyngeal duct NOS,Diagnosis of Benign neoplasm of brain and other parts of central nervous system
Benign neoplasm of brain and other parts of central nervous system,B7H3.00,50466.0,Benign neoplasm of pineal gland,Diagnosis of Benign neoplasm of brain and other parts of central nervous system
Benign neoplasm of brain and other parts of central nervous system,B7H4.00,39432.0,Benign neoplasm of carotid body,Diagnosis of Benign neoplasm of brain and other parts of central nervous system
Benign neoplasm of brain and other parts of central nervous system,B7H5000,58575.0,Benign neoplasm of glomus jugulare,Diagnosis of Benign neoplasm of brain and other parts of central nervous system
Benign neoplasm of brain and other parts of central nervous system,B7H5100,37162.0,Benign neoplasm of aortic body,Diagnosis of Benign neoplasm of brain and other parts of central nervous system
Benign neoplasm of brain and other parts of central nervous system,B7H5200,53562.0,Benign neoplasm of coccygeal body,Diagnosis of Benign neoplasm of brain and other parts of central nervous system
Benign neoplasm of brain and other parts of central nervous system,B7H5.00,64587.0,Benign neoplasm of aortic body and other paraganglia,Diagnosis of Benign neoplasm of brain and other parts of central nervous system
Benign neoplasm of brain and other parts of central nervous system,B7H5z00,73669.0,Benign neoplasm of aortic body and other paraganglia NOS,Diagnosis of Benign neoplasm of brain and other parts of central nervous system
Benign neoplasm of brain and other parts of central nervous system,BBb5.00,26157.0,[M]Choroid plexus papilloma NOS,Diagnosis of Benign neoplasm of brain and other parts of central nervous system
Benign neoplasm of brain and other parts of central nervous system,BBd0.00,12096.0,[M]Meningioma NOS,Diagnosis of Benign neoplasm of brain and other parts of central nervous system
Benign neoplasm of brain and other parts of central nervous system,BBd3.00,65426.0,[M]Meningotheliomatous meningioma,Diagnosis of Benign neoplasm of brain and other parts of central nervous system
Benign neoplasm of brain and other parts of central nervous system,BBd3.11,96487.0,[M]Endotheliomatous meningioma,Diagnosis of Benign neoplasm of brain and other parts of central nervous system
Benign neoplasm of brain and other parts of central nervous system,BBd4.00,38295.0,[M]Fibrous meningioma,Diagnosis of Benign neoplasm of brain and other parts of central nervous system
Benign neoplasm of brain and other parts of central nervous system,BBd5.00,38870.0,[M]Psammomatous meningioma,Diagnosis of Benign neoplasm of brain and other parts of central nervous system
Benign neoplasm of brain and other parts of central nervous system,BBd6.00,46251.0,[M]Angiomatous meningioma,Diagnosis of Benign neoplasm of brain and other parts of central nervous system
Benign neoplasm of brain and other parts of central nervous system,BBd7.00,21598.0,[M]Haemangioblastic meningioma,Diagnosis of Benign neoplasm of brain and other parts of central nervous system
Benign neoplasm of brain and other parts of central nervous system,BBd7.11,46490.0,[M]Angioblastic meningioma,Diagnosis of Benign neoplasm of brain and other parts of central nervous system
Benign neoplasm of brain and other parts of central nervous system,BBd8.00,50822.0,[M]Haemangiopericytic meningioma,Diagnosis of Benign neoplasm of brain and other parts of central nervous system
Benign neoplasm of brain and other parts of central nervous system,BBd9.00,67929.0,[M]Transitional meningioma,Diagnosis of Benign neoplasm of brain and other parts of central nervous system
Benign neoplasm of brain and other parts of central nervous system,BBd..00,2843.0,[M]Meningiomas,Diagnosis of Benign neoplasm of brain and other parts of central nervous system
Benign neoplasm of brain and other parts of central nervous system,BBdz.00,47848.0,[M]Meningioma NOS,Diagnosis of Benign neoplasm of brain and other parts of central nervous system
Benign neoplasm of brain and other parts of central nervous system,BBe5.11,21247.0,[M]Acoustic neuroma,Diagnosis of Benign neoplasm of brain and other parts of central nervous system
