Disease,Readcode,Medcode,ReadcodeDescr,Category
Postcoital and contact bleeding,1581.00,6301.0,H/O: post-coital bleeding,Diagnosis of Postcoital and contact bleeding
Postcoital and contact bleeding,K587.00,12426.0,Contact bleeding of cervix,Diagnosis of Postcoital and contact bleeding
Postcoital and contact bleeding,K597.00,1941.0,Postcoital bleeding,Diagnosis of Postcoital and contact bleeding
Postcoital and contact bleeding,K59A.00,47026.0,Premenopausal postcoital bleeding,Diagnosis of Postcoital and contact bleeding
Postcoital and contact bleeding,K59B.00,46997.0,Postmenopausal postcoital bleeding,Diagnosis of Postcoital and contact bleeding
