Disease,Readcode,Medcode,ReadcodeDescr,Category
Pericardial effusion (noninflammatory),G50..11,45311.0,Pericardial effusion - acute,Diagnosis of Pericardial effusion (noninflammatory)
Pericardial effusion (noninflammatory),G533.00,18293.0,Pericardial effusion - noninflammatory,Diagnosis of Pericardial effusion (noninflammatory)
Pericardial effusion (noninflammatory),G534.00,2520.0,Pericardial effusion - acute,Diagnosis of Pericardial effusion (noninflammatory)
Pericardial effusion (noninflammatory),G536000,107662.0,Chronic pericardial effusion,Diagnosis of Pericardial effusion (noninflammatory)
Pericardial effusion (noninflammatory),G536.00,105192.0,Pericardial effusion,Diagnosis of Pericardial effusion (noninflammatory)
