Disease,Readcode,Medcode,ReadcodeDescr,Category
"Atrioventricular block, complete",3293.00,35773.0,ECG:complete sinu-atrial block,"Diagnosis of Atrioventricular block, complete"
"Atrioventricular block, complete",3298.00,40175.0,ECG: complete A-V block,"Diagnosis of Atrioventricular block, complete"
"Atrioventricular block, complete",G560.00,3810.0,Complete atrioventricular block,"Diagnosis of Atrioventricular block, complete"
"Atrioventricular block, complete",G560.11,24377.0,Third degree atrioventricular block,"Diagnosis of Atrioventricular block, complete"
