Disease,Readcode,Medcode,ReadcodeDescr,Category
Trigeminal neuralgia,1475.00,16481.0,H/O: trigeminal neuralgia,History of Trigeminal neuralgia
Trigeminal neuralgia,A531200,11498.0,Postherpetic trigeminal neuralgia,Diagnosis of Trigeminal neuralgia
Trigeminal neuralgia,F300.00,7584.0,Post-herpetic trigeminal neuralgia,Diagnosis of Trigeminal neuralgia
Trigeminal neuralgia,F301000,4912.0,Tic douloureux,Diagnosis of Trigeminal neuralgia
Trigeminal neuralgia,F301.00,1541.0,Other specified trigeminal neuralgia,Diagnosis of Trigeminal neuralgia
Trigeminal neuralgia,F301z00,6581.0,Trigeminal neuralgia NOS,Diagnosis of Trigeminal neuralgia
