Disease,Readcode,Medcode,ReadcodeDescr,Category
Pulmonary collapse (excl pneumothorax),23E4.11,9855.0,O/E - collapse - lung,Diagnosis of Pulmonary collapse (excl pneumothorax)
Pulmonary collapse (excl pneumothorax),H580.00,3094.0,Pulmonary collapse with atelectasis,Diagnosis of Pulmonary collapse (excl pneumothorax)
Pulmonary collapse (excl pneumothorax),H580.11,7324.0,Atelectasis,Diagnosis of Pulmonary collapse (excl pneumothorax)
Pulmonary collapse (excl pneumothorax),H580.12,8370.0,Collapse of lung,Diagnosis of Pulmonary collapse (excl pneumothorax)
