Disease,ICD10code,ICD10codeDescr,Category
Slow fetal growth or low birth weight,P05.0,Light for gestational age,Diagnosis of Slow fetal growth or low birth weight
Slow fetal growth or low birth weight,P05.1,Small for gestational age,Diagnosis of Slow fetal growth or low birth weight
Slow fetal growth or low birth weight,P05.9,"Slow fetal growth, unspecified",Diagnosis of Slow fetal growth or low birth weight
Slow fetal growth or low birth weight,P07.0,Extremely low birth weight,Diagnosis of Slow fetal growth or low birth weight
Slow fetal growth or low birth weight,P07.1,Other low birth weight,Diagnosis of Slow fetal growth or low birth weight
