Disease,ICD10code,ICD10codeDescr,Category
Osteoarthritis (excl spine),M15,Polyarthrosis,Diagnosis of Osteoarthritis (excl spine)
Osteoarthritis (excl spine),M16,Coxarthrosis [arthrosis of hip],Diagnosis of Osteoarthritis (excl spine)
Osteoarthritis (excl spine),M17,Gonarthrosis [arthrosis of knee],Diagnosis of Osteoarthritis (excl spine)
Osteoarthritis (excl spine),M18,Arthrosis of first carpometacarpal joint,Diagnosis of Osteoarthritis (excl spine)
Osteoarthritis (excl spine),M19,Other arthrosis,Diagnosis of Osteoarthritis (excl spine)
