Disease,ICD10code,ICD10codeDescr,Category
Benign neoplasm of brain and other parts of central nervous system,D32,Benign neoplasm of meninges,Diagnosis of Benign neoplasm of brain and other parts of central nervous system
Benign neoplasm of brain and other parts of central nervous system,D33,Benign neoplasm of brain and other parts of central nervous system,Diagnosis of Benign neoplasm of brain and other parts of central nervous system
Benign neoplasm of brain and other parts of central nervous system,D35.2,Benign neoplasm: Pituitary gland,Diagnosis of Benign neoplasm of brain and other parts of central nervous system
Benign neoplasm of brain and other parts of central nervous system,D35.3,Benign neoplasm: Craniopharyngeal duct,Diagnosis of Benign neoplasm of brain and other parts of central nervous system
Benign neoplasm of brain and other parts of central nervous system,D35.4,Benign neoplasm: Pineal gland,Diagnosis of Benign neoplasm of brain and other parts of central nervous system
Benign neoplasm of brain and other parts of central nervous system,D35.5,Benign neoplasm: Carotid body,Diagnosis of Benign neoplasm of brain and other parts of central nervous system
Benign neoplasm of brain and other parts of central nervous system,D35.6,Benign neoplasm: Aortic body and other paraganglia,Diagnosis of Benign neoplasm of brain and other parts of central nervous system
