Disease,ICD10code,ICD10codeDescr,Category
Allergic and chronic rhinitis,J30.1,Allergic rhinitis due to pollen,Diagnosis of Allergic and chronic rhinitis
Allergic and chronic rhinitis,J30.2,Other seasonal allergic rhinitis,Diagnosis of Allergic and chronic rhinitis
Allergic and chronic rhinitis,J30.3,Other allergic rhinitis,Diagnosis of Allergic and chronic rhinitis
Allergic and chronic rhinitis,J30.4,"Allergic rhinitis, unspecified",Diagnosis of Allergic and chronic rhinitis
Allergic and chronic rhinitis,J31.0,Chronic rhinitis,Diagnosis of Allergic and chronic rhinitis
