Disease,ICD10code,ICD10codeDescr,Category
Benign neoplasm of stomach and duodenum,K31.7,Polyp of stomach and duodenum,Diagnosis of Benign neoplasm of stomach and duodenum
Benign neoplasm of stomach and duodenum,D13.1,Benign neoplasm: Stomach,Diagnosis of Benign neoplasm of stomach and duodenum
Benign neoplasm of stomach and duodenum,D13.2,Benign neoplasm: Duodenum,Diagnosis of Benign neoplasm of stomach and duodenum
Benign neoplasm of stomach and duodenum,D13.3,Benign neoplasm: Other and unspecified parts of small intestine,Diagnosis of Benign neoplasm of stomach and duodenum
