Disease,ICD10code,ICD10codeDescr,Category
Benign neoplasm and polyp of uterus,D26.1,Other benign neoplasm: Corpus uteri,Diagnosis of Benign neoplasm and polyp of uterus
Benign neoplasm and polyp of uterus,D26.7,Other benign neoplasm: Other parts of uterus,Diagnosis of Benign neoplasm and polyp of uterus
Benign neoplasm and polyp of uterus,D26.9,"Other benign neoplasm: Uterus, unspecified",Diagnosis of Benign neoplasm and polyp of uterus
Benign neoplasm and polyp of uterus,N84.0,Polyp of corpus uteri,Diagnosis of Benign neoplasm and polyp of uterus
