Disease,ICD10code,ICD10codeDescr,Category
Primary Malignancy_colorectal and anus,C18,Malignant neoplasm of colon,Diagnosis of Primary Malignancy_colorectal and anus
Primary Malignancy_colorectal and anus,C19,Malignant neoplasm of rectosigmoid junction,Diagnosis of Primary Malignancy_colorectal and anus
Primary Malignancy_colorectal and anus,C20,Malignant neoplasm of rectum,Diagnosis of Primary Malignancy_colorectal and anus
Primary Malignancy_colorectal and anus,C21,Malignant neoplasm of anus and anal canal,Diagnosis of Primary Malignancy_colorectal and anus
