Disease,ICD10code,ICD10codeDescr,Category
"Primary Malignancy_Brain, Other CNS and Intracranial",C70,Malignant neoplasm of meninges,"Diagnosis of Primary Malignancy_Brain, Other CNS and Intracranial"
"Primary Malignancy_Brain, Other CNS and Intracranial",C71,Malignant neoplasm of brain,"Diagnosis of Primary Malignancy_Brain, Other CNS and Intracranial"
"Primary Malignancy_Brain, Other CNS and Intracranial",C72,"Malignant neoplasm of spinal cord, cranial nerves and other parts of central nervous system","Diagnosis of Primary Malignancy_Brain, Other CNS and Intracranial"
"Primary Malignancy_Brain, Other CNS and Intracranial",C75.1,Malignant neoplasm: Pituitary gland,"Diagnosis of Primary Malignancy_Brain, Other CNS and Intracranial"
"Primary Malignancy_Brain, Other CNS and Intracranial",C75.2,Malignant neoplasm: Craniopharyngeal duct,"Diagnosis of Primary Malignancy_Brain, Other CNS and Intracranial"
"Primary Malignancy_Brain, Other CNS and Intracranial",C75.3,Malignant neoplasm: Pineal gland,"Diagnosis of Primary Malignancy_Brain, Other CNS and Intracranial"
"Primary Malignancy_Brain, Other CNS and Intracranial",C75.4,Malignant neoplasm: Carotid body,"Diagnosis of Primary Malignancy_Brain, Other CNS and Intracranial"
"Primary Malignancy_Brain, Other CNS and Intracranial",C75.5,Malignant neoplasm: Aortic body and other paraganglia,"Diagnosis of Primary Malignancy_Brain, Other CNS and Intracranial"
