Disease,ICD10code,ICD10codeDescr,Category
Hepatic failure,B15.0,Hepatitis A with hepatic coma,Diagnosis of Hepatic failure
Hepatic failure,B16.0,Acute hepatitis B with delta-agent (coinfection) with hepatic coma,Diagnosis of Hepatic failure
Hepatic failure,B19.0,Unspecified viral hepatitis with hepatic coma,Diagnosis of Hepatic failure
Hepatic failure,K70.4,Alcoholic hepatic failure,Diagnosis of Hepatic failure
Hepatic failure,K71.1,Toxic liver disease with hepatic necrosis,Diagnosis of Hepatic failure
Hepatic failure,K72,"Hepatic failure, not elsewhere classified",Diagnosis of Hepatic failure
Hepatic failure,K76.2,Central haemorrhagic necrosis of liver,Diagnosis of Hepatic failure
Hepatic failure,K76.3,Infarction of liver,Diagnosis of Hepatic failure
