Disease,ICD10code,ICD10codeDescr,Category
Anterior and Intermediate Uveitis,H20.0,Acute and subacute iridocyclitis,Diagnosis of Anterior or Intermediate Uveitis
Anterior and Intermediate Uveitis,H20.1,Chronic iridocyclitis,Diagnosis of Anterior or Intermediate Uveitis
Anterior and Intermediate Uveitis,H20.2,Lens-induced iridocyclitis,Diagnosis of Anterior or Intermediate Uveitis
Anterior and Intermediate Uveitis,H20.8,Other iridocyclitis,Diagnosis of Anterior or Intermediate Uveitis
Anterior and Intermediate Uveitis,H20.9,"Iridocyclitis, unspecified",Diagnosis of Anterior or Intermediate Uveitis
Anterior and Intermediate Uveitis,H22.0,Iridocyclitis in infectious and parasitic diseases classified elsewhere,Diagnosis of Anterior or Intermediate Uveitis
Anterior and Intermediate Uveitis,H22.1,Iridocyclitis in other diseases classified elsewhere,Diagnosis of Anterior or Intermediate Uveitis
Anterior and Intermediate Uveitis,H30.2,Posterior cyclitis,Diagnosis of Anterior or Intermediate Uveitis
