Disease,ICD10code,ICD10codeDescr,Category
Female pelvic inflammatory disease,N70,Salpingitis and oophoritis,Diagnosis of Female pelvic inflammatory disease
Female pelvic inflammatory disease,N71,"Inflammatory disease of uterus, except cervix",Diagnosis of Female pelvic inflammatory disease
Female pelvic inflammatory disease,N72,Inflammatory disease of cervix uteri,Diagnosis of Female pelvic inflammatory disease
Female pelvic inflammatory disease,N73,Other female pelvic inflammatory diseases,Diagnosis of Female pelvic inflammatory disease
Female pelvic inflammatory disease,N74,Female pelvic inflammatory disorders in diseases classified elsewhere,Diagnosis of Female pelvic inflammatory disease
